{
  "mean": [
    118.805938227936,
    0.14468155967867907,
    -0.18348323827987414,
    64.8544379615009,
    0.09130070279938637,
    -0.13420460365256803,
    0.053715081984775336,
    0.9861300363150833
  ],
  "scale": [
    27.114712980328967,
    0.03323286544588726,
    0.14167365487943534,
    20.726706568449785,
    0.07519198942528707,
    0.05166476451863418,
    0.03224998757653791,
    0.019176652629555816
  ],
  "feature_names": [
    "elbow_angle",
    "elbow_hip_dist",
    "wrist_above_shoulder",
    "shoulder_angle",
    "wrist_elbow_x",
    "elbow_rise",
    "torso_lean",
    "elbow_visibility"
  ]
}